<?xml version="1.0" encoding="UTF-8"?><rss version="2.0"
	xmlns:content="http://purl.org/rss/1.0/modules/content/"
	xmlns:wfw="http://wellformedweb.org/CommentAPI/"
	xmlns:dc="http://purl.org/dc/elements/1.1/"
	xmlns:atom="http://www.w3.org/2005/Atom"
	xmlns:sy="http://purl.org/rss/1.0/modules/syndication/"
	xmlns:slash="http://purl.org/rss/1.0/modules/slash/"
	>

<channel>
	<title>fivenightsanimegame</title>
	<atom:link href="/feed" rel="self" type="application/rss+xml" />
	<link>/</link>
	<description></description>
	<lastBuildDate>Thu, 29 Aug 2024 12:49:25 +0000</lastBuildDate>
	<language>en-US</language>
	<sy:updatePeriod>
	hourly	</sy:updatePeriod>
	<sy:updateFrequency>
	1	</sy:updateFrequency>
	<generator>https://wordpress.org/?v=6.5.5</generator>
	<item>
		<title>Agar.io</title>
		<link>/agar-io-2.html</link>
					<comments>/agar-io-2.html#respond</comments>
		
		<dc:creator><![CDATA[admin-pl]]></dc:creator>
		<pubDate>Fri, 09 Aug 2024 20:08:39 +0000</pubDate>
				<category><![CDATA[Action Games]]></category>
		<category><![CDATA[Boys Games]]></category>
		<category><![CDATA[Casual Games]]></category>
		<category><![CDATA[Girls Games]]></category>
		<category><![CDATA[Indie Games]]></category>
		<guid isPermaLink="false">https://iogameio.io/?p=2548</guid>

					<description><![CDATA[]]></description>
										<content:encoded><![CDATA[]]></content:encoded>
					
					<wfw:commentRss>/agar-io-2.html/feed</wfw:commentRss>
			<slash:comments>0</slash:comments>
		
		
			</item>
	</channel>
</rss>
